<?xml version="1.0" encoding="UTF-8" ?>
<parameters>
					<parameter name="average_rain_size" displayName="Average Rain Size" type="int" 
						defaultValue="10" 
						isReadOnly="false" 
						converter="repast.simphony.parameter.StringConverterFactory$IntConverter"
									
		/>
				<parameter name="wind_instability" displayName="Wind Instability" type="float" 
						defaultValue="0.01" 
						isReadOnly="false" 
						converter="repast.simphony.parameter.StringConverterFactory$FloatConverter"
									
		/>
				<parameter name="grid_size" displayName="Grid Size" type="int" 
						defaultValue="50" 
						isReadOnly="false" 
						converter="repast.simphony.parameter.StringConverterFactory$IntConverter"
									
		/>
				<parameter name="life_points_tree" displayName="Life Points Tree" type="int" 
						defaultValue="10" 
						isReadOnly="false" 
						converter="repast.simphony.parameter.StringConverterFactory$IntConverter"
									
		/>
				<parameter name="wind_direction" displayName="Wind Direction" type="java.lang.String" 
						defaultValue="NORTH" 
						isReadOnly="false" 
						converter="repast.simphony.parameter.StringConverterFactory$StringStringConverter"
									
		/>
				<parameter name="perception_range" displayName="Perception Range" type="int" 
						defaultValue="20" 
						isReadOnly="false" 
						converter="repast.simphony.parameter.StringConverterFactory$IntConverter"
									
		/>
				<parameter name="randomSeed" displayName="Default Random Seed" type="int" 
						defaultValue="__NULL__"
						isReadOnly="false" 
						converter="repast.simphony.parameter.StringConverterFactory$IntConverter"
									
		/>
				<parameter name="fire_prob" displayName="Fire Appear Probability" type="double" 
						defaultValue="0.01" 
						isReadOnly="false" 
						converter="repast.simphony.parameter.StringConverterFactory$DoubleConverter"
									
		/>
				<parameter name="fire_count" displayName="Fire Count" type="int" 
						defaultValue="1" 
						isReadOnly="false" 
						converter="repast.simphony.parameter.StringConverterFactory$IntConverter"
									
		/>
				<parameter name="life_points_fire" displayName="Life Points Fire" type="int" 
						defaultValue="3" 
						isReadOnly="false" 
						converter="repast.simphony.parameter.StringConverterFactory$IntConverter"
									
		/>
				<parameter name="weather" displayName="Weather" type="java.lang.String" 
						defaultValue="sunny" 
						isReadOnly="false" 
						converter="repast.simphony.parameter.StringConverterFactory$StringStringConverter"
									
		/>
				<parameter name="wind_speed" displayName="Fraction Max Wind Speed" type="float" 
						defaultValue="0.5" 
						isReadOnly="false" 
						converter="repast.simphony.parameter.StringConverterFactory$FloatConverter"
									
		/>
				<parameter name="agent_count" displayName="Agent Count" type="int" 
						defaultValue="25" 
						isReadOnly="false" 
						converter="repast.simphony.parameter.StringConverterFactory$IntConverter"
									
		/>
				<parameter name="rain_prob" displayName="Rain Appear Probability" type="double" 
						defaultValue="0.05" 
						isReadOnly="false" 
						converter="repast.simphony.parameter.StringConverterFactory$DoubleConverter"
									
		/>
		</parameters>


