<repast.simphony.data2.engine.DataSetDescriptor>
  <name>Agent Count</name>
  <type>AGGREGATE</type>
  <inclTick>true</inclTick>
  <inclBatchRun>false</inclBatchRun>
  <inclRandomSeed>false</inclRandomSeed>
  <scheduleParams>
    <start>1.0</start>
    <interval>1.0</interval>
    <priority>-Infinity</priority>
    <pType>LAST</pType>
    <duration>-1.0</duration>
    <frequency>REPEAT</frequency>
    <hashCode>1903000380</hashCode>
  </scheduleParams>
  <atEnd>false</atEnd>
  <methodDataSources class="linked-hash-map"/>
  <countSources class="linked-hash-map">
    <entry>
      <string>Firefighter Count</string>
      <repast.simphony.data2.engine.CountSourceDefinition>
        <typeName>firefighters.agent.Agent</typeName>
        <id>Firefighter Count</id>
      </repast.simphony.data2.engine.CountSourceDefinition>
    </entry>
    <entry>
      <string>Tree Count</string>
      <repast.simphony.data2.engine.CountSourceDefinition>
        <typeName>firefighters.world.Tree</typeName>
        <id>Tree Count</id>
      </repast.simphony.data2.engine.CountSourceDefinition>
    </entry>
    <entry>
      <string>Fire Count</string>
      <repast.simphony.data2.engine.CountSourceDefinition>
        <typeName>firefighters.world.Fire</typeName>
        <id>Fire Count</id>
      </repast.simphony.data2.engine.CountSourceDefinition>
    </entry>
  </countSources>
  <customNADataSources class="linked-hash-map"/>
  <customAggDataSources class="linked-hash-map"/>
</repast.simphony.data2.engine.DataSetDescriptor>