<repast.simphony.data2.engine.DataSetDescriptor>
  <name>Performance 2</name>
  <type>AGGREGATE</type>
  <inclTick>true</inclTick>
  <inclBatchRun>false</inclBatchRun>
  <inclRandomSeed>false</inclRandomSeed>
  <scheduleParams>
    <start>1.0</start>
    <interval>1.0</interval>
    <priority>-Infinity</priority>
    <pType>LAST</pType>
    <duration>-1.0</duration>
    <frequency>REPEAT</frequency>
    <hashCode>-2061725862</hashCode>
  </scheduleParams>
  <atEnd>false</atEnd>
  <methodDataSources class="linked-hash-map">
    <entry>
      <string>Performance</string>
      <repast.simphony.data2.engine.MethodDataSourceDefinition>
        <id>Performance</id>
        <className>performance.OverallPerformance</className>
        <methodName>getPerformance</methodName>
        <aggType>SUM</aggType>
      </repast.simphony.data2.engine.MethodDataSourceDefinition>
    </entry>
    <entry>
      <string>Bounty Sum</string>
      <repast.simphony.data2.engine.MethodDataSourceDefinition>
        <id>Bounty Sum</id>
        <className>firefighters.agent.Agent</className>
        <methodName>getMoney</methodName>
        <aggType>SUM</aggType>
      </repast.simphony.data2.engine.MethodDataSourceDefinition>
    </entry>
    <entry>
      <string>Bounty Mean</string>
      <repast.simphony.data2.engine.MethodDataSourceDefinition>
        <id>Bounty Mean</id>
        <className>firefighters.agent.Agent</className>
        <methodName>getMoney</methodName>
        <aggType>MEAN</aggType>
      </repast.simphony.data2.engine.MethodDataSourceDefinition>
    </entry>
  </methodDataSources>
  <countSources class="linked-hash-map"/>
  <customNADataSources class="linked-hash-map"/>
  <customAggDataSources class="linked-hash-map"/>
</repast.simphony.data2.engine.DataSetDescriptor>